{"cameraMode":{"drawMode":0,"name":"Shaded","section":"Shading Mode"},"sceneLighting":true,"audioPlay":false,"sceneViewState":{"m_AlwaysRefresh":false,"showFog":true,"showSkybox":true,"showFlares":true,"showImageEffects":true,"showParticleSystems":true,"showVisualEffectGraphs":true,"m_FxEnabled":true},"in2DMode":false,"pivot":{"x":51.182830810546878,"y":27.320404052734376,"z":-5.115093231201172},"rotation":{"x":-0.10357541590929032,"y":0.03042798861861229,"z":-0.0031702786218374969,"w":-0.994161069393158},"size":24.529550552368165,"orthographic":false}